﻿{
  "NoSteam": "🚫 Necesitas tener steam abierto, por favor abre steam y reinicia RedM",
  "NoInWhitelist": "🚫 Lo sentimos acutalmente no estas en la whitelist.",
  "NoPermissions": "You don't have enough permissions",

  "TitleOnDead": "Has muerto!",
  "SubTitleOnDead": "Reapareceras en {0} segundos",
  "SubTitlePressKey": "Presiona ~e~E~q~ para revivir",
  "YouAreCarried": "Estas siendo cargado por una persona",

  "VoiceRangeChanged": "Rango de chat de voz cambiado a {0} metros"
}
